Model,MAE,RMSE
Naive,937.3930623973728,1141.174137972527
Moving Average,921.2239326765189,1109.93206542582
